{
  "id": "cmpl-48crry2pOUoUtVxd2vJSursYcqhrj",
  "object": "text_completion",
  "created": 1637961379,
  "choices": [
    {
      "text": "The mercurial and beautiful witch laughed as she waved her wand, creating colorful bubbles that floated around her. \"It's a muggle fair!\" she exclaimed. \"And you're ... oh, you're adorable!\"\n\nHarry frowned as he ducked behind his friend. \"What's a muggle?\"\n\n\"You don't know what a",
      "index": 0,
      "logprobs": {
        "tokens": [
          "The",
          " merc",
          "ur",
          "ial",
          " and",
          " beautiful",
          " witch",
          " laughed",
          " as",
          " she",
          " waved",
          " her",
          " wand",
          ",",
          " creating",
          " colorful",
          " bubbles",
          " that",
          " floated",
          " around",
          " her",
          ".",
          " \"",
          "It",
          "'s",
          " a",
          " m",
          "uggle",
          " fair",
          "!\"",
          " she",
          " exclaimed",
          ".",
          " \"",
          "And",
          " you",
          "'re",
          " ...",
          " oh",
          ",",
          " you",
          "'re",
          " adorable",
          "!\"",
          "\n",
          "\n",
          "Harry",
          " frowned",
          " as",
          " he",
          " d",
          "ucked",
          " behind",
          " his",
          " friend",
          ".",
          " \"",
          "What",
          "'s",
          " a",
          " m",
          "uggle",
          "?\"",
          "\n",
          "\n",
          "\"",
          "You",
          " don",
          "'t",
          " know",
          " what",
          " a"
        ],
        "token_logprobs": [
          null,
          -10.987186,
          -0.71666235,
          -0.05154027,
          -4.2106233,
          -6.8736644,
          -7.8763485,
          -8.008118,
          -2.907369,
          -0.35576633,
          -4.8894453,
          -0.36318788,
          -0.9196957,
          -1.5668958,
          -3.6836884,
          -6.7724147,
          -2.6831,
          -0.83893436,
          -1.2555307,
          -1.532455,
          -1.3832833,
          -0.963496,
          -1.3439143,
          -3.3855555,
          -0.57608956,
          -2.1722336,
          -6.2369056,
          -0.09448118,
          -2.8567991,
          -5.022727,
          -1.104426,
          -1.3855448,
          -1.0346243,
          -0.46600902,
          -3.0332527,
          -2.375405,
          -1.3233099,
          -9.890566,
          -3.3423312,
          -0.88883483,
          -1.8411102,
          -0.30346137,
          -3.6947815,
          -1.0291778,
          -0.68579245,
          -9.7114484e-05,
          -2.315282,
          -3.3687363,
          -2.3542898,
          -0.38693583,
          -6.16344,
          -0.35217825,
          -2.122844,
          -1.7648246,
          -4.341085,
          -0.7969093,
          -0.41084018,
          -1.8209854,
          -1.1971861,
          -0.23019834,
          -0.12387496,
          -0.007885975,
          -0.23736298,
          -0.48618445,
          -6.6619094e-07,
          -0.7301654,
          -2.6885703,
          -1.4081082,
          -0.00060583797,
          -0.08347951,
          -1.055868,
          -0.10785947
        ],
        "top_logprobs": null,
        "text_offset": [
          0,
          3,
          8,
          10,
          13,
          17,
          27,
          33,
          41,
          44,
          48,
          54,
          58,
          63,
          64,
          73,
          82,
          90,
          95,
          103,
          110,
          114,
          115,
          117,
          119,
          121,
          123,
          125,
          130,
          135,
          137,
          141,
          151,
          152,
          154,
          157,
          161,
          164,
          168,
          171,
          172,
          176,
          179,
          188,
          190,
          191,
          192,
          197,
          205,
          208,
          211,
          213,
          218,
          225,
          229,
          236,
          237,
          239,
          243,
          245,
          247,
          249,
          254,
          256,
          257,
          258,
          259,
          262,
          266,
          268,
          273,
          278
        ]
      },
      "finish_reason": "length"
    }
  ],
  "model": "davinci:2020-05-03"
}