{
  "id": "cmpl-48cdQroiWq8MlscZcAjILamrFSER7",
  "object": "text_completion",
  "created": 1637960484,
  "choices": [
    {
      "text": "The mercurial and beautiful witch laughed. “It’s always fun to see you in your human form. Your face is so expressive.”\n\n“Thank you.” I opened my mouth to ask her about the spell, but she laughed again.\n\n“You don’t need the spell. You",
      "index": 0,
      "logprobs": {
        "tokens": [
          "The",
          " merc",
          "ur",
          "ial",
          " and",
          " beautiful",
          " witch",
          " laughed",
          ".",
          "bytes: \\xe2\\x80",
          "bytes:\\x9c",
          "It",
          "bytes:\\xe2\\x80",
          "bytes:\\x99",
          "s",
          " always",
          " fun",
          " to",
          " see",
          " you",
          " in",
          " your",
          " human",
          " form",
          ".",
          " Your",
          " face",
          " is",
          " so",
          " expressive",
          ".",
          "bytes:\\xe2\\x80",
          "bytes:\\x9d",
          "\n",
          "\n",
          "bytes:\\xe2\\x80",
          "bytes:\\x9c",
          "Thank",
          " you",
          ".",
          "bytes:\\xe2\\x80",
          "bytes:\\x9d",
          " I",
          " opened",
          " my",
          " mouth",
          " to",
          " ask",
          " her",
          " about",
          " the",
          " spell",
          ",",
          " but",
          " she",
          " laughed",
          " again",
          ".",
          "\n",
          "\n",
          "bytes:\\xe2\\x80",
          "bytes:\\x9c",
          "You",
          " don",
          "bytes:\\xe2\\x80",
          "bytes:\\x99",
          "t",
          " need",
          " the",
          " spell",
          ".",
          " You"
        ],
        "token_logprobs": [
          null,
          -10.987186,
          -0.70089245,
          -0.051478136,
          -4.206479,
          -6.8678684,
          -7.872298,
          -7.9884887,
          -1.6257622,
          -1.8923374,
          -0.09083966,
          -3.596075,
          -0.92293626,
          -0.00095688767,
          -0.026765706,
          -4.578165,
          -3.1473582,
          -0.3846669,
          -1.8769759,
          -1.7256234,
          -3.175459,
          -2.6366556,
          -2.116784,
          -0.26719448,
          -0.8229051,
          -4.0928636,
          -2.7512598,
          -0.5903353,
          -0.7068419,
          -0.8390384,
          -0.41633418,
          -0.7576648,
          -0.0004970568,
          -0.33549064,
          -5.2765092e-05,
          -0.6536772,
          -0.0007582317,
          -4.060886,
          -0.02073863,
          -0.8991428,
          -0.55311364,
          -0.00015577173,
          -2.4800956,
          -6.074035,
          -0.7776768,
          -0.9745842,
          -0.39592788,
          -1.5437977,
          -1.1517105,
          -2.1293733,
          -0.8981637,
          -4.426029,
          -1.0824555,
          -0.1543402,
          -0.70817417,
          -5.4413013,
          -0.48369223,
          -0.58768433,
          -0.15830562,
          -1.0561456e-05,
          -0.037470862,
          -0.00018987012,
          -2.0105677,
          -2.640401,
          -0.000608224,
          -3.655083e-05,
          -6.7427754e-05,
          -1.1092777,
          -3.7181828,
          -0.36528414,
          -0.78040284,
          -1.2901919
        ],
        "top_logprobs": [
          null,
          {
            " first": -4.557621,
            " only": -5.0540237,
            " following": -5.1913433,
            " most": -5.2596498,
            " new": -5.280808
          },
          {
            "ur": -0.70089245,
            " with": -2.9781752,
            "iful": -1.6869441,
            "ant": -2.6760168,
            "s": -3.1779623
          },
          {
            "ially": -6.128214,
            "ic": -3.546885,
            "ius": -6.164523,
            "ial": -0.051478136,
            "ials": -4.861853
          },
          {
            " winger": -3.146899,
            " midfielder": -3.3616114,
            " striker": -3.4268217,
            " Frenchman": -3.881213,
            " nature": -3.9590237
          },
          {
            " unpredictable": -2.471855,
            " controversial": -3.268356,
            " often": -3.366474,
            " temper": -3.4137073,
            " enigmatic": -3.6319578
          },
          {
            " actress": -3.4104178,
            " young": -4.330212,
            " star": -4.73766,
            ",": -4.8057313,
            " French": -4.944941
          },
          {
            ",": -2.109663,
            " of": -3.2380044,
            " who": -3.4240892,
            " is": -3.4258842,
            ".": -3.5035992
          },
          {
            ",": -1.8480141,
            ".": -1.6257622,
            " and": -2.3756974,
            " as": -2.90808,
            " at": -2.3375313
          },
          {
            " She": -3.1745563,
            "\n": -2.031242,
            " \"": -0.74481535,
            "bytes: \\xe2\\x80": -1.8923374,
            " '": -3.315925
          },
          {
            "bytes:\\x98": -2.4682963,
            "bytes:\\x99": -8.54908,
            "bytes:\\x9c": -0.09083966,
            "bytes:\\x9d": -6.456032,
            "bytes:\\x9e": -8.292384
          },
          {
            "It": -3.596075,
            "You": -2.3043463,
            "No": -3.262251,
            "I": -1.9421026,
            "Oh": -2.7887135
          },
          {
            " is": -1.7947203,
            " was": -2.4557045,
            "bytes:\\xe2\\x80": -0.92293626,
            " will": -3.6008039,
            " would": -3.391007
          },
          {
            "bytes:\\x98": -8.06354,
            "bytes:\\x99": -0.00095688767,
            "bytes:\\x9a": -11.616758,
            "bytes:\\x9d": -7.6311784,
            "bytes:\\x9f": -9.213908
          },
          {
            " s": -9.852548,
            "ll": -3.838102,
            "d": -5.4058585,
            "s": -0.026765706,
            "ss": -10.319356
          },
          {
            " not": -1.7221965,
            " a": -2.1066227,
            " the": -3.3708894,
            " just": -3.4031467,
            " all": -3.459299
          },
          {
            " a": -1.9010813,
            " the": -2.143368,
            " about": -2.6642194,
            " been": -2.7636569,
            " nice": -2.7877886
          },
          {
            ",": -3.2957919,
            ".": -3.6717649,
            " to": -0.3846669,
            " watching": -3.7451594,
            " when": -2.6473927
          },
          {
            " watch": -2.2562714,
            " be": -3.1443021,
            " have": -3.181263,
            " play": -2.8059347,
            " see": -1.8769759
          },
          {
            " a": -2.3681633,
            " the": -1.9552262,
            " you": -1.7256234,
            " what": -2.4631188,
            " how": -2.4433968
          },
          {
            ",": -2.401323,
            ".": -3.1668108,
            " squ": -2.846132,
            " in": -3.175459,
            " get": -2.6016214
          },
          {
            " action": -1.6888292,
            " a": -1.6138209,
            " the": -2.5928056,
            " this": -2.6337717,
            " your": -2.6366556
          },
          {
            " little": -3.7559555,
            " human": -2.116784,
            " true": -3.3568506,
            " natural": -2.5883112,
            " element": -2.0710077
          },
          {
            " form": -0.26719448,
            " body": -3.592523,
            " guise": -3.6443152,
            " skin": -3.075563,
            " shape": -4.2011504
          },
          {
            "!": -4.8298173,
            ",": -0.75944,
            ".": -0.8229051,
            " and": -5.024962,
            " again": -4.7664437
          },
          {
            "bytes:\\xe2\\x80": -1.1712328,
            " You": -1.9146411,
            " I": -2.1857479,
            " It": -2.4391925,
            " But": -3.7938297
          },
          {
            " human": -3.5665522,
            " body": -3.5241249,
            " face": -2.7512598,
            " eyes": -2.7486467,
            " skin": -4.172368
          },
          {
            ",": -3.6216576,
            " always": -3.6027634,
            " looks": -3.0316005,
            " is": -0.5903353,
            " has": -3.698558
          },
          {
            " always": -2.9229062,
            " a": -3.7924018,
            " priceless": -3.6275954,
            " so": -0.7068419,
            " just": -3.8145306
          },
          {
            "…": -3.1654773,
            " easy": -3.7008777,
            " expressive": -0.8390384,
            " very": -3.9386058,
            " much": -3.019527
          },
          {
            "!": -3.1704426,
            ",": -2.1775036,
            ".": -0.41633418,
            " and": -3.0485442,
            " when": -2.8648322
          },
          {
            " I": -2.4313061,
            "bytes:\\xe2\\x80": -0.7576648,
            " It": -2.7169313,
            " And": -3.411042,
            " You": -2.630643
          },
          {
            "bytes:\\x89": -14.56141,
            "bytes:\\x98": -13.255155,
            "bytes:\\x99": -8.663007,
            "bytes:\\x9c": -8.052693,
            "bytes:\\x9d": -0.0004970568
          },
          {
            " She": -1.9785874,
            "\n": -0.33549064,
            " Her": -3.843536,
            "bytes: \\xe2\\x80": -4.502338,
            "\n\n": -3.1623569
          },
          {
            "\t": -12.203304,
            "\n": -5.2765092e-05,
            "The": -12.662447,
            "\n\n": -12.974695,
            "In": -13.860613
          },
          {
            "He": -3.1664488,
            "She": -3.8677316,
            "I": -3.2699146,
            "bytes:\\xe2\\x80": -0.6536772,
            "The": -3.3383465
          },
          {
            "bytes:\\x98": -7.6741166,
            "bytes:\\x99": -10.416636,
            "bytes:\\x9c": -0.0007582317,
            "bytes:\\x9d": -8.3119,
            "bytes:\\x9e": -11.780943
          },
          {
            "I": -1.865108,
            "You": -2.3821597,
            "What": -2.8672976,
            "And": -3.1169276,
            "It": -3.6226687
          },
          {
            "-": -5.661424,
            " God": -5.9390616,
            " goodness": -6.0652785,
            " the": -5.948152,
            " you": -0.02073863
          },
          {
            ",": -0.7529102,
            ".": -0.8991428,
            "…": -4.5606837,
            "?": -3.7510219,
            " for": -2.954929
          },
          {
            " I": -1.8079736,
            "bytes:\\xe2\\x80": -0.55311364,
            " It": -3.3622031,
            " And": -3.7244585,
            " You": -3.7462595
          },
          {
            "bytes:\\xbc": -15.636732,
            "bytes:\\x98": -14.793131,
            "bytes:\\x99": -9.061069,
            "bytes:\\x9c": -10.185088,
            "bytes:\\x9d": -0.00015577173
          },
          {
            " She": -4.0980725,
            "\n": -0.76995546,
            " I": -2.4800956,
            " The": -4.053986,
            " He": -2.241906
          },
          {
            " smiled": -2.8755128,
            " was": -3.0436606,
            " didn": -3.377241,
            " tried": -3.4084563,
            " said": -3.5878618
          },
          {
            " a": -3.3429463,
            " the": -0.80454373,
            " and": -4.3451667,
            " up": -4.4319773,
            " my": -0.7776768
          },
          {
            " hand": -3.5170112,
            " car": -3.9190614,
            " eyes": -1.6152282,
            " arms": -2.5855005,
            " mouth": -0.9745842
          },
          {
            ",": -2.2766538,
            " to": -0.39592788,
            " and": -2.593033,
            " but": -3.770352,
            " again": -3.7508698
          },
          {
            " ask": -1.5437977,
            " continue": -2.689294,
            " speak": -2.3451703,
            " add": -3.061803,
            " say": -1.3175824
          },
          {
            " another": -1.9193573,
            " a": -2.3800125,
            " about": -3.0878487,
            " her": -1.1517105,
            " what": -2.8059995
          },
          {
            " another": -2.6636674,
            " why": -2.3742807,
            " a": -2.0895135,
            " about": -2.1293733,
            " what": -2.0067575
          },
          {
            " the": -0.8981637,
            " her": -2.3520782,
            " my": -2.7393618,
            " what": -4.337037,
            " our": -5.0141
          },
          {
            " book": -4.2468567,
            " missing": -4.7158394,
            " spell": -4.426029,
            " man": -4.649996,
            " other": -4.373945
          },
          {
            ",": -1.0824555,
            ".": -2.9158869,
            " book": -3.1185842,
            " but": -2.9532096,
            " she": -1.6395882
          },
          {
            " to": -5.08854,
            " and": -3.8985953,
            " but": -0.1543402,
            " when": -3.5768826,
            " then": -3.0571647
          },
          {
            " the": -2.9872766,
            " I": -3.460791,
            " she": -0.70817417,
            " then": -2.8603883,
            " before": -3.3800833
          },
          {
            " held": -2.236799,
            " cut": -2.536329,
            " waved": -2.5819604,
            " raised": -3.1581516,
            " was": -3.1605964
          },
          {
            ",": -3.3165395,
            ".": -2.4004326,
            " and": -1.9189569,
            " at": -4.1835594,
            " again": -0.48369223
          },
          {
            ",": -1.7688824,
            ".": -0.58768433,
            " and": -1.5750041,
            " as": -5.0765376,
            " before": -3.099716
          },
          {
            "\n": -0.15830562,
            " I": -3.7717886,
            " The": -4.652999,
            "bytes: \\xe2\\x80": -3.2767782,
            " It": -4.032241
          },
          {
            "\n": -1.0561456e-05,
            "I": -14.876281,
            "The": -14.530776,
            "<|endoftext|>": -14.677583,
            "\n\n": -14.158376
          },
          {
            "She": -5.1589003,
            "I": -5.2477446,
            "bytes:\\xe2\\x80": -0.037470862,
            "The": -5.733215,
            "Her": -5.8857794
          },
          {
            "bytes:\\x98": -9.385051,
            "bytes:\\x99": -12.360782,
            "bytes:\\x9c": -0.00018987012,
            "bytes:\\x9d": -9.270388,
            "bytes:\\x9e": -12.588835
          },
          {
            "You": -2.0105677,
            "No": -2.8915756,
            "Don": -2.794328,
            "I": -1.7791911,
            "Oh": -2.4941683
          },
          {
            " are": -3.077565,
            "bytes:\\xe2\\x80": -1.1716775,
            " can": -2.497216,
            " know": -3.1033866,
            " don": -2.640401
          },
          {
            " t": -11.785928,
            "bytes:\\xe2\\x80": -0.000608224,
            "'t": -7.588457,
            "bytes: \\xe2\\x80": -11.498659,
            "—": -11.757853
          },
          {
            "bytes:\\x98": -10.669504,
            "bytes:\\x99": -3.655083e-05,
            "bytes:\\x9c": -14.7152605,
            "bytes:\\x9d": -12.400293,
            "bytes:\\x9f": -12.217282
          },
          {
            " t": -10.911735,
            "tw": -12.969676,
            " know": -12.715868,
            "t": -6.7427754e-05,
            "tt": -12.704185
          },
          {
            " really": -2.7172413,
            " have": -1.7348157,
            " need": -1.1092777,
            " want": -1.9204615,
            " even": -2.900213
          },
          {
            " a": -3.5831578,
            " the": -3.7181828,
            " to": -0.25197357,
            " it": -3.600816,
            " me": -2.7694983
          },
          {
            " information": -3.5505753,
            " words": -4.771946,
            " answer": -4.741211,
            " details": -2.4812546,
            " spell": -0.36528414
          },
          {
            ",": -1.1413227,
            ".": -0.78040284,
            " to": -2.747135,
            " anymore": -3.6252666,
            " now": -3.9795413
          },
          {
            " Just": -3.248127,
            " I": -1.884823,
            "bytes:\\xe2\\x80": -1.81382,
            " It": -2.8475685,
            " You": -1.2901919
          }
        ],
        "text_offset": [
          0,
          3,
          8,
          10,
          13,
          17,
          27,
          33,
          41,
          42,
          42,
          44,
          46,
          46,
          47,
          48,
          55,
          59,
          62,
          66,
          70,
          73,
          78,
          84,
          89,
          90,
          95,
          100,
          103,
          106,
          117,
          118,
          118,
          119,
          120,
          121,
          121,
          122,
          127,
          131,
          132,
          132,
          133,
          135,
          142,
          145,
          151,
          154,
          158,
          162,
          168,
          172,
          178,
          179,
          183,
          187,
          195,
          201,
          202,
          203,
          204,
          204,
          205,
          208,
          212,
          212,
          213,
          214,
          219,
          223,
          229,
          230
        ]
      },
      "finish_reason": "length"
    }
  ],
  "model": "davinci:2020-05-03"
}
